id,rating
1110368735,4.12
1051124278,4.285
909480609,4.375
1113223808,4.355
632598552,3.025
1142223652,5.0
1120861209,4.155
1077051430,4.295
1036205036,3.31
347393479,4.315
981819100,4.36
1126166674,0.0
431946152,4.31
968666409,4.37
374791544,4.48
541672969,4.415
1052582820,4.37
868759616,4.49
582793399,4.35
1061572575,4.04
1042770650,4.415
1047961826,4.285
1125469780,4.18
482066631,4.505
961875786,4.45
985077390,4.175
1125812643,4.04
935697665,3.885
1008692660,3.725
797639732,4.165
1113736426,3.965
1036661603,4.485
1137927971,4.49
1124567713,3.47
1083835330,3.98
1106831630,3.9
1077829105,3.525
1064165938,4.095
1080248000,4.445
1095227160,4.285
1148435076,4.46
799406905,4.41
1085464876,4.32
1170395210,4.95
1183260922,4.775
1048559057,4.325
673673795,4.5
970421850,4.41
1047610405,4.205
430229059,4.345
1059622588,4.335
881330346,4.34
300265786,3.135
1108623942,4.345
705211891,4.42
473219519,4.29
606800657,4.405
1120181386,4.22
361231506,4.455
1148613767,3.225
1055204150,4.47
1029499643,3.305
1102448232,4.49
646504584,3.58
840811083,4.345
973113361,2.47
1143624165,3.67
914865605,4.13
907239855,4.44
1101848745,3.625
917857630,3.365
959452391,4.12
1117166919,3.535
636248681,3.51
636240052,4.425
1108580508,3.825
942435348,4.57
478862935,4.36
366626332,4.08
570180361,4.755
1035263816,4.365
468429333,4.455
336599882,4.02
685857245,4.42
570182662,4.47
967812288,4.08
1059911569,4.95
1142016085,4.44
504270602,4.055
392186427,2.675
663547503,4.485
1097148221,0.0
1002381557,0.0
953876014,4.425
1100029269,3.52
1081612551,3.055
651277515,4.185
1045947023,4.365
903033050,4.01
716262008,4.345
1162838832,4.34
994673739,4.005
1132213599,3.675
971329287,3.575
920007273,4.04
640702076,4.32
1164512642,4.485
824281761,3.53
731041554,4.36
659448144,4.03
1132214105,4.305
1168645184,4.225
871230822,3.935
1065271333,4.31
994674676,3.135
891755554,3.735
1014565551,4.08
1171015241,2.78
307132353,4.185
1185209084,0.0
1046684325,4.575
468090416,4.35
1121782467,4.045
382497397,4.4
1068396594,0.0
1132515131,4.335
660687537,3.62
930563044,4.455
635252156,4.49
660842333,4.47
938099257,2.79
941107732,2.77
1183986102,4.475
944244620,1.19
1059325444,2.875
586192051,3.345
780214292,1.06
482380153,3.635
1055714800,2.155
1087286874,3.57
1079527277,4.015
1070506962,3.46
437818260,4.52
1112922482,4.035
411206394,3.955
816177666,4.0
335047649,4.335
834854351,4.38
1040093707,4.46
951627022,4.595
978697315,4.475
333710667,4.59
468674094,4.155
333246187,3.57
930304174,2.225
1062145414,0.0
669287954,4.08
599852923,4.47
411766326,4.29
1154065290,3.99
587868848,4.26
847492141,4.565
494302506,4.16
1087074229,3.11
1087096070,0.0
284815117,3.79
363306776,4.255
655890150,4.14
444844790,4.48
1030902626,4.465
972387337,4.18
998286883,4.115
1034383306,4.69
1108185975,3.985
897544254,4.395
582790430,4.61
1050331109,4.71
376436174,3.885
599694143,4.025
470578793,4.76
407949800,3.9
1058965051,3.83
1069460388,3.015
1148138918,3.51
409299054,1.965
528919633,4.055
940292587,4.525
1030487391,4.32
1014277964,3.925
1063785850,4.715
923772792,4.225
1155219609,3.025
393328150,4.3
749969909,2.42
1097138041,3.345
1039971485,3.56
1046694770,3.575
858352213,0.0
650276551,4.035
972657175,4.5
601137830,4.295
326161564,4.23
309187846,4.125
1122904897,4.305
888683802,4.465
783960953,4.375
1055138354,3.9
1008719508,4.495
1142228312,3.99
696565994,4.44
1110447884,4.02
1065976148,4.5
440141669,4.375
775888026,4.795
932747118,2.89
879915134,2.62
283619399,4.14
1016197739,0.0
1170406182,0.0
284993459,4.315
337288863,4.035
1139338323,4.54
1082069304,3.56
878577184,4.525
1164468822,2.645
421988577,3.175
1161538212,4.305
1089580662,2.665
352000376,4.225
1034934076,4.105
1034933180,3.53
804069802,4.865
363360636,3.56
525195399,4.325
497933996,4.395
962993853,4.235
338828953,4.44
383298204,4.545
1021239565,3.84
1175953961,4.435
1038796140,4.43
1118247592,4.33
1120547622,4.435
1035635092,3.085
1084644256,4.02
1116609570,4.35
544118997,4.82
1140451547,3.645
1037601932,5.0
1163925890,4.135
908071717,4.175
734256893,3.61
426414466,3.28
996246479,2.915
557153158,3.995
1048130311,4.345
309465525,4.69
499794670,4.485
1012032539,4.34
453629018,1.205
1151585389,0.0
530809322,3.865
821374885,4.16
995022521,3.045
1050339928,4.685
1161656633,4.475
913292932,4.435
899997582,3.915
1137419214,3.98
1048899002,5.0
1093360165,4.725
936966570,3.745
891132290,4.285
960504959,0.0
408233979,4.38
823869162,4.645
663068211,4.415
1111504254,0.0
347418999,4.42
1019442026,4.425
375239755,3.165
1078599766,2.27
1060986698,2.685
342138881,3.85
1061960628,3.435
905121703,4.375
1148047801,4.335
957212695,3.96
430234732,4.23
988953433,3.87
1137673647,4.28
304770340,4.165
757228497,4.36
1102056464,3.855
1085914246,2.33
874845056,3.8
1061224933,3.235
585599497,4.11
1159273771,3.555
503092422,4.395
952555810,4.61
739234325,4.44
365724094,3.78
960161732,4.885
1082679672,4.435
454021277,3.625
675628523,4.48
678448523,4.27
823443083,4.36
1088580204,4.46
834248867,4.18
840469989,4.815
311972587,4.045
984451115,4.43
1038866266,4.51
976116090,4.885
989148225,4.28
574375380,4.06
576588894,4.675
1057391061,3.94
316391924,3.19
1156906605,2.58
1135441810,3.9
1004871562,2.645
969247886,4.425
412792865,3.865
1055684003,4.16
1051927783,4.375
1017581225,3.895
1138121520,3.63
760645916,4.005
442012681,4.4
304878510,4.405
1055359142,3.885
1115415865,4.105
995125257,0.0
404990064,4.405
413936865,4.495
1085401990,5.0
702810576,3.98
1024306067,4.435
548580856,4.435
1108697438,3.915
473917761,4.405
914136002,3.855
320606217,4.135
599456126,4.16
599456380,3.955
410351918,4.755
1005468883,3.385
391767653,3.39
470412139,4.065
571640421,4.46
794730213,4.725
1063892879,4.495
689859603,4.315
989080135,4.48
945077360,4.03
409890132,3.79
516349924,4.415
1067848964,4.025
1103278932,3.46
1144154105,4.16
1091944550,4.27
1087282720,4.37
1028362533,3.84
1151680145,4.405
522408559,4.135
590652256,3.8
1143437866,3.67
1098619553,4.285
1050745469,4.56
1132358193,4.475
1116296327,4.1
1097172005,4.495
882059071,4.81
1115911787,4.835
357404131,4.475
616728746,3.95
943116454,4.005
943101317,4.5
364165557,4.365
586910133,4.215
1095144783,4.995
1142546565,4.49
1057556336,4.7
1087742191,4.49
901500107,4.48
793772904,0.0
1115245945,5.0
876217010,3.76
554245373,3.485
1040224715,3.135
1033645055,3.36
895361200,2.925
314506629,4.195
579581125,3.725
1044953131,4.14
603527166,4.42
931130399,4.305
1085543061,4.34
1157626465,4.325
1075181011,4.21
1073476012,4.47
1020119327,4.08
1112477374,3.995
1162255664,4.495
452830319,4.5
988455996,4.205
509993510,4.195
969044213,3.65
534160364,4.385
1085698206,4.095
959390742,4.295
1025313530,3.925
915074326,4.6
1102054727,4.555
1151562012,3.385
1114681193,4.48
1087075743,3.595
1104692136,4.49
447188370,3.73
1009979707,4.345
1121590741,1.82
439438619,4.32
991626372,4.195
1124123246,4.465
945434433,3.795
942003779,4.12
930574573,4.635
978759625,4.465
649983655,4.805
635573390,4.64
1070855108,3.94
911130812,4.655
991693702,1.52
529443604,4.445
1112861301,4.27
1022267439,3.77
480688850,2.375
944808246,4.505
953969225,3.975
899515785,4.005
1174489793,4.78
1051434604,4.265
1033617377,4.645
1052223765,3.245
1025000402,3.23
1151195880,1.93
1057415516,4.355
1121196185,5.0
1092899813,4.015
1127261616,0.0
1121910644,4.02
890390751,4.345
826523703,4.445
1113943452,3.475
820802943,3.5
477618130,2.81
1136136909,4.415
1006414665,4.565
1055274701,4.44
1176147574,4.27
902585800,4.215
978176131,4.2
1031155880,4.39
359917414,4.435
647804489,4.42
1100578622,4.61
1066752474,4.875
1140186382,4.485
284791396,4.42
606413051,4.325
645704840,4.375
1087685392,4.39
1163777816,4.535
892521917,4.42
593715088,4.4
970202342,4.54
1070864992,4.415
992004655,3.815
822701037,4.16
1077871641,4.445
975364678,4.405
1168399577,0.0
686542963,3.8
454316134,3.88
582654048,4.305
968744559,4.495
867827909,4.17
567533074,4.28
316025912,4.415
347411942,4.505
392788790,3.85
511332635,4.16
293523031,4.495
1026909621,4.385
627879091,3.715
627880433,4.35
978352903,4.365
1126935885,3.895
1022256487,4.135
952549036,2.875
1069359097,4.21
336353151,4.395
1074278256,3.07
355554941,4.05
852318295,4.13
1079178967,4.03
344542975,3.46
1144446958,4.105
922380267,3.925
542397575,3.9
1053605807,3.54
1126517945,4.39
1018002876,4.15
834315918,4.405
1072737282,4.435
363486833,4.145
1011562903,3.78
487162791,4.055
320599923,3.805
320596872,3.985
1076728632,3.9
804637783,4.415
804641004,4.44
600093661,4.205
1000593025,3.56
1121944763,4.28
1158517484,2.335
597426372,3.785
1130830362,0.0
1030762703,4.62
300704847,4.42
1007115851,4.415
538407602,3.78
834993441,4.57
686420990,4.255
391855805,4.885
395979574,4.425
325954996,4.38
767546279,4.265
476550251,0.0
490470296,0.0
424881832,4.32
1071006943,4.01
1072950932,4.41
1058603368,3.945
992448528,4.315
1105548368,3.125
642064350,4.145
1072844973,3.845
1171558918,4.025
1142385805,3.77
1074432267,3.99
1067903136,4.38
1042273323,4.57
1011193872,3.315
382509315,4.31
1105999795,4.27
1069737892,4.48
971215921,3.425
409838725,4.695
982218746,3.81
1135638235,4.745
1150901618,2.72
1021971213,4.01
943594558,4.08
576836614,4.14
948805709,3.75
948958859,3.47
1142657936,1.315
1073806361,4.065
353642901,3.87
1099152229,4.02
588722840,4.08
1101635974,0.0
324684580,4.335
962056217,3.015
958880753,0.0
603529731,4.01
941956069,2.86
447791438,4.235
625411864,4.165
1011987577,3.99
352041837,3.025
711923939,4.565
687792357,2.9
794729836,4.065
1080487957,4.545
407838198,4.425
381342267,4.535
1080767538,4.475
810405576,3.6
1042433429,4.355
912177018,0.0
906388170,0.0
345542655,4.45
714180827,4.49
1013780477,4.03
632079234,3.945
814466047,4.1
1077346638,4.44
1040671838,4.29
959515619,4.025
1001250333,4.15
295430577,4.44
1112481571,3.94
892279069,4.45
907759227,4.065
363486802,4.505
1146971602,4.155
594811233,4.34
847985808,4.42
586854309,3.93
921022358,4.29
611436052,4.435
331177714,4.6
1101445404,3.36
707189889,4.065
551817261,4.295
351986992,4.485
879908394,0.0
550221096,4.425
1017148055,4.455
1077644533,3.615
1121484538,3.475
1061703886,4.1
871458763,4.32
868773703,4.515
1093396572,4.475
1051755724,4.77
1059797590,3.255
643165438,3.455
673120263,4.04
1111504185,4.45
1114234507,4.35
1094138419,4.385
1117621317,4.475
1097004394,4.145
1090617661,4.285
769175514,4.685
918338898,4.37
1104214157,4.39
631073589,4.25
548946769,3.38
1152607698,4.04
1178082935,4.86
1153515245,4.82
1088242281,4.48
1010587367,3.575
1078560217,3.45
932315244,4.055
1105918031,4.025
1025297873,4.485
1103570293,3.98
309527804,4.215
933623806,4.31
1076700027,3.98
552330708,4.28
649820448,3.86
564247778,4.44
1146828763,4.05
687877464,4.015
1118756851,3.485
640564761,4.105
972419844,3.64
955957721,3.86
526831380,4.81
916728593,4.575
398975927,4.065
1028464453,4.42
1072456036,3.925
1145465310,4.255
969211750,4.49
944808252,3.95
963034692,4.485
1044950341,4.255
459660048,4.09
354655665,4.05
432849519,3.93
1039728737,2.535
1075853478,1.725
1071879826,2.54
984731733,0.0
1080980064,3.975
1024850260,0.0
1152267556,4.065
366562751,4.14
1144133049,0.0
1060599603,4.565
625985591,4.895
979967712,4.815
335709058,4.475
662001778,3.455
1079971086,4.495
971608996,3.745
681966300,3.355
512939461,4.31
1083442831,2.62
965084468,0.0
329981776,4.67
1093405374,4.405
916281743,4.48
568141784,4.4
1156875272,2.61
913427709,2.17
1123132173,4.495
1074251093,0.0
431229633,4.34
1078967478,3.92
852912420,4.195
838455884,4.375
1161251105,3.45
525176875,4.205
313199385,4.045
726147252,4.36
390577714,3.57
839210443,4.09
916540089,4.475
1135518748,4.095
1139704246,4.315
1075820557,4.505
1126723825,4.5
1072159054,3.915
1140495295,4.705
1118676232,4.265
1061143997,4.12
1148931050,4.495
549027629,4.455
1164013670,4.315
858919777,0.0
1145275343,4.33
1041873285,4.515
1128233478,4.385
1033873301,4.655
1089193839,4.43
878659964,4.155
1065221752,3.985
1063928863,4.58
1103804173,4.61
397049430,4.465
585259203,4.465
1002132680,4.15
546688555,3.55
735434007,4.0
362179828,3.79
424912055,4.28
382013715,3.4
977159568,0.0
1021102353,4.265
435913585,4.555
1127454806,4.475
1001989098,4.475
1035582408,4.03
517989834,4.285
1081295232,0.0
1058023292,3.985
1086799932,4.495
1044848003,3.885
814977594,4.13
1052035509,3.66
1063210798,3.76
622613679,4.61
1185580782,4.025
1095317943,4.87
937737946,4.24
379937581,4.55
1098207701,4.01
1035142291,3.425
993570169,4.105
718153412,4.43
1043269825,3.965
1069162618,4.175
1094744773,4.465
999771588,4.01
1049234587,4.49
1136753739,4.115
1097885049,3.8
950386914,4.0
1161739347,4.43
1176877177,4.435
908519492,3.645
1064078609,4.48
1059302662,3.755
1156123904,3.585
1124073720,4.28
1137693912,4.05
982819497,4.42
527219710,4.41
916365675,3.235
1010604522,4.04
1108384425,3.68
935306292,3.275
568731681,0.0
989442029,0.0
1052650787,0.0
1064087245,0.0
1155038987,0.0
860620713,4.76
357828853,4.435
892320294,4.46
401644893,4.46
982235342,4.32
1118918368,3.875
980307863,3.975
1033076651,4.215
681942253,4.235
1072364990,3.75
554936942,3.81
416345444,4.485
417373312,4.24
623158699,4.335
531325150,4.41
430152294,4.455
1182568288,3.525
444947784,4.44
1037420924,4.445
421998342,3.59
379983299,4.12
1089336971,4.415
1037414606,4.05
985927350,3.02
1148457316,3.925
1021496959,4.105
372513032,4.295
1137155107,4.285
1015000630,4.43
438314348,4.41
504575083,4.25
1116876789,4.43
1123434406,4.915
1124836530,4.445
1116164772,3.71
951971414,3.785
861891048,3.925
1043689670,4.26
1087433788,4.335
1055397979,4.35
1011714860,4.0
1099862552,4.945
1050831202,4.47
1097114930,4.3
1034630958,4.345
1068366937,4.36
1090276143,3.97
1053388964,4.035
483353496,4.005
940596201,4.735
1120294802,4.01
1058709520,4.76
534539160,3.795
577499909,4.435
1053807892,0.0
1069160488,4.495
297430070,3.35
932696349,3.415
415069562,4.24
468564994,4.245
468566852,4.215
346184215,4.24
1126769121,4.37
1057633985,4.305
1106374233,4.615
641900855,4.56
671867510,4.57
1065550288,0.0
727109676,3.01
828392046,4.48
355940964,4.2
356618664,3.58
336689375,4.06
1037160778,4.31
1126380291,3.145
745729888,3.59
1020273791,3.815
593042008,1.595
577628510,3.545
376183339,3.77
537961396,4.06
412403556,4.895
663965632,3.205
1028179601,3.635
1091620783,3.61
1033282601,4.365
1028610115,4.0
619517698,4.065
1032743715,4.465
1084084901,3.545
686449807,4.48
1031530508,4.445
420009108,4.33
572395608,4.385
524509185,4.225
595831580,4.335
304731501,3.86
794960248,4.45
1076751035,4.45
1062318595,4.325
1080973177,4.345
1161323425,2.58
1144422536,2.925
536040665,4.265
459313476,3.99
977256145,2.995
640364616,4.495
1062647883,3.865
1091192778,0.0
1119061470,0.0
899247664,2.695
818779127,2.115
1104911266,0.0
479943969,3.695
632827808,4.4
497788271,3.94
480805652,4.22
1031704553,0.0
1003996643,2.415
519077434,4.435
399355755,4.28
1049254261,4.3
438475005,4.175
314716233,4.4
1091640857,4.685
1005017298,4.645
407707744,3.83
1011129367,4.57
1069438454,4.0
524359189,4.065
779561331,4.265
1087893385,0.0
480375355,4.33
1006393168,4.395
1032451280,3.98
1076292594,4.01
1090552213,4.07
1076907164,4.02
396082453,4.35
398129933,4.4
1004090290,4.345
319284643,4.28
340779800,3.98
930777501,1.92
942480934,2.17
914189520,4.265
1132517788,4.245
1043824696,4.39
1126563858,4.19
1080465588,4.005
1129404572,4.48
491730359,3.935
1069300300,0.0
1001247878,3.8
848276233,1.91
1082594539,4.495
983868842,4.24
1043714288,4.465
908073488,4.415
1128311260,4.08
1001244846,4.07
626362411,3.4
344065205,4.41
1107537631,4.475
504201783,4.125
1007177838,4.355
1117405948,4.3
1028950091,4.34
409128287,4.425
894022200,4.765
1092146718,4.215
1130297669,4.085
682046579,4.19
367242040,3.965
852152318,4.315
334503000,4.5
377831429,4.075
385533456,4.135
1095694895,4.25
634885478,4.28
1108482394,4.37
1101582722,3.175
431865275,3.345
727466621,4.52
885792725,4.51
507937883,4.465
1144325165,4.185
970044095,4.24
392198579,4.155
901999406,3.83
951346423,4.425
1030522460,3.0
1067146012,4.51
414835676,4.48
1071633581,4.77
956373528,4.935
1161122860,4.29
869011374,4.43
1033049991,4.935
1140419709,4.485
1019838009,3.415
309025938,3.955
910738761,4.445
960744514,4.47
1040968715,4.13
312343159,4.45
479067148,4.34
721911537,4.475
522687241,0.0
463295925,0.0
808794344,3.365
658257516,3.905
1135867247,2.22
990652974,3.88
331004675,2.915
366195670,4.14
1065906948,4.45
1066632299,0.0
474205928,3.98
970721313,4.455
936966605,3.98
958796099,3.255
1166165827,0.0
552039496,4.735
918054748,4.755
667362389,4.675
520777858,4.515
944393180,4.46
1094038347,3.69
384282298,4.42
883144212,4.01
1044837432,4.485
1133241575,4.495
542180079,4.335
1115022026,4.365
580991034,4.255
497595276,4.22
317904170,3.63
389204861,3.925
345445479,4.08
466965151,4.335
450555662,2.305
940397955,5.0
964426709,0.0
937166097,4.14
919395844,3.835
924826403,3.535
554462411,3.49
933236570,4.425
1147002179,4.475
1042300762,3.695
1042298797,4.965
910608607,4.425
1065675607,2.445
1156258040,3.89
587842308,4.41
1079253434,3.245
970417047,4.435
969316884,4.5
1059554895,4.405
352509417,4.53
364252504,4.54
295646461,4.395
1041987123,3.49
529815782,3.28
544695089,4.555
364904019,4.14
933462805,4.32
1072353174,3.34
908842747,2.6
1146223410,3.865
1081690522,3.545
1088585714,2.635
1091024209,2.855
1037285199,4.475
950503358,0.0
829581836,0.0
596040849,0.0
609636705,1.505
1104816326,2.915
1055571047,4.005
495546638,4.395
1034995058,3.53
516820956,0.0
1156137155,4.28
1032460746,4.435
348530331,4.03
1067596534,4.505
982175678,4.415
1126382960,4.34
1040803415,3.995
1090320498,2.765
849095637,4.815
578665578,3.995
779157948,3.83
1093409783,4.465
1001425491,4.39
978201325,3.86
636485814,4.46
1047354020,2.86
565355431,3.445
432504470,3.77
500003565,3.995
913943275,4.47
1147225129,4.085
430920838,4.37
1112540727,2.2
980286865,4.385
664939913,4.47
871809581,4.445
1114692553,4.215
904923517,4.095
569077959,3.325
733989611,2.925
1112433234,4.175
439176506,4.445
989178902,4.345
1147923152,4.06
474595631,5.0
582538300,2.41
348543978,2.72
544007969,2.185
1124503295,3.99
1097520882,3.97
547702041,4.475
1105577194,4.31
1141308767,1.585
912320999,3.61
1042978679,0.0
893448956,4.42
1140935852,4.715
920054061,4.45
1054355169,4.08
425996445,4.17
1159072426,4.415
1049386519,3.85
556500145,4.84
1082781138,3.495
422667065,4.47
417817520,4.41
541517597,4.505
1109425556,4.44
1106542634,4.03
1041951266,4.2
1035690802,4.445
1068076031,3.915
1101436320,3.395
980594437,0.0
797809194,4.145
561625752,4.475
1111876388,3.325
556990666,4.505
893998740,4.04
916585802,4.88
919008215,3.585
521640648,3.83
1057925633,4.38
919097064,4.07
652077009,4.34
689936776,4.165
1069803052,4.47
1091215595,3.965
426382105,3.865
481623941,3.845
569632660,4.275
1119482395,4.485
730873197,3.61
495680460,3.99
476553281,4.2
943869618,4.45
510301841,3.895
748057890,4.07
988318940,4.47
1156121311,4.435
1043579926,4.49
1156110079,4.24
871694174,3.885
1114886979,4.455
718082838,3.935
893927401,4.035
808108897,4.095
434826169,4.005
442705759,3.885
556430416,4.18
521640355,3.8
935204856,0.0
536475199,3.9
932236332,3.425
1098834577,4.77
980132410,4.48
1090759947,4.185
1174468136,3.89
526011730,4.075
526012271,4.535
1097725920,4.49
1057889290,4.4
663820495,4.135
871235562,4.12
496218553,4.435
497716362,4.605
532046195,4.195
1146991999,3.64
1150981743,3.99
392538848,4.385
1061572339,3.995
459035295,4.46
674069291,3.71
1061909513,4.445
1176156412,4.185
1049682098,4.425
534282109,3.795
869869881,4.655
872424895,4.22
557285579,4.205
992140314,4.49
554050644,2.725
890358046,4.235
951417499,4.505
297694601,4.465
426072035,3.69
720068876,4.405
288120394,3.485
373311252,4.04
1067768015,4.15
1061733193,4.315
953936584,4.27
638689075,4.505
988737164,0.0
890378044,4.445
1008053853,0.0
306169895,4.415
1057554325,4.485
882248810,3.675
547101139,4.445
951744068,4.405
322423174,3.68
1141356008,4.025
1100147750,4.225
932228293,4.51
477891975,4.125
925547937,4.25
1031406492,4.35
1048831615,4.32
1085105198,3.75
334235181,3.885
536433148,4.06
899277186,4.005
961648591,2.635
1017447032,3.58
1058526204,4.51
948857526,4.38
517409040,2.885
555590884,0.0
1115681877,4.105
634013256,4.33
1076540771,3.22
1068266222,4.715
1099735932,4.32
912390687,4.445
461504587,4.405
340769953,4.375
593658634,3.92
1023741615,3.425
472642407,4.27
721639879,3.385
659283309,4.14
1005859110,3.1
1016915419,4.485
802889610,0.0
1141762073,4.495
1115223015,3.22
531184261,4.6
994905763,4.405
1076037275,4.11
284876795,4.11
651510680,3.81
723795263,3.655
1002597082,4.045
1129234419,4.435
904223061,4.3
1098099856,4.315
1142578941,4.225
1012712705,4.495
1031843950,3.935
1129693551,4.02
932441611,4.155
430856616,4.175
549105915,3.79
448142450,4.5
1130638492,3.965
1070999857,4.5
1108219180,3.235
1097200146,3.785
1025177870,3.735
1093326711,3.835
1106606457,4.715
1181601206,3.93
332568551,3.88
957124541,4.485
505080575,3.39
1056968162,2.525
939906112,2.835
886445756,3.885
305343404,4.405
418987775,4.48
319295332,4.245
700513526,2.8
881155044,4.475
342548956,4.55
940247939,4.15
768237041,4.155
346997126,3.87
1018355599,4.03
942766453,3.51
1151831172,4.29
988518358,4.07
463142843,3.075
948757156,2.63
1052231801,4.055
1086379636,4.185
1150821668,4.425
1076350557,4.49
365235835,3.21
460177396,4.44
333903271,4.315
880178264,4.21
1042322028,4.47
805869467,4.215
995112030,3.27
900837187,0.0
1078591208,4.08
1092704571,4.195
368677368,3.04
1131342792,3.175
1058959277,4.35
563103341,3.305
1075681444,5.0
632344648,3.16
534568162,3.47
390109631,3.965
553918524,4.05
504614735,1.845
388336485,3.445
792694774,0.0
1061009889,4.02
1063194066,4.015
1047666264,4.465
1010803520,4.14
1011000146,4.485
483910781,4.44
1018215577,4.01
1010999283,4.5
1010801519,4.515
1071711895,4.33
1136936929,4.45
1010801515,4.065
1003822659,4.485
694695717,3.315
1104124222,2.315
950335311,4.57
1102924965,2.79
315021242,4.685
955102484,3.58
1104415942,4.36
1060935829,0.0
542909191,4.225
1051209606,3.415
599608562,4.15
849145835,4.68
968953976,4.165
449945214,2.93
593306620,4.4
353665650,3.415
1049321283,3.255
969488951,3.565
1061419426,3.33
537263603,4.085
1086795798,4.385
1164147984,4.085
401643317,4.315
995922287,4.135
982936366,4.44
535127218,3.81
564850309,3.28
1094248282,3.99
504631398,4.405
312325565,3.555
1015077531,3.1
993435362,3.495
1019447011,3.58
671464704,4.15
1180340451,4.115
567141387,4.28
1121425007,3.665
1179213211,3.42
1163372874,2.735
1009227147,4.12
1082965369,4.48
1159290179,4.09
562989701,4.34
554597348,3.84
1095781221,4.355
1140023495,3.625
1134680712,3.97
1112701216,4.045
1097727390,3.475
573615421,3.87
351727428,4.785
906681058,0.0
948715059,4.31
413246702,0.0
645682444,4.47
389784247,2.955
1090731387,5.0
1084590704,4.475
1163313156,4.35
1020473684,4.86
380974668,4.365
1082958327,2.7
679454835,4.165
434832826,4.09
382617920,4.495
450987651,4.785
1092653320,3.2
336860594,4.265
907405413,4.045
947281623,2.64
343638336,3.815
482465886,2.895
881323364,3.08
953953312,4.305
1013551921,5.0
1065354746,1.335
648862644,4.115
615563599,4.52
840190552,3.775
1145485982,4.39
966810173,4.33
616655687,4.29
592447445,3.0
521577043,4.205
1088300283,4.615
1105291416,3.605
946168827,3.775
517271093,3.82
320300350,4.455
504835984,4.16
1119018463,3.075
1122172974,4.475
387893495,4.145
428970841,4.065
446408493,4.045
490979746,4.03
489833171,4.385
1142803226,3.79
519530925,4.33
1017064541,4.63
738897668,4.325
950519698,4.465
1054033219,3.55
297244048,3.95
410031728,4.305
1045165396,4.535
815218412,4.52
1007929736,4.405
1110376793,4.375
339440515,4.24
496177674,3.955
685310398,4.515
539943615,4.11
1036723978,4.45
581137577,0.0
916215494,4.17
343889987,3.255
1003837100,4.345
1181358720,4.22
1080310524,4.575
1025707485,3.94
1035355817,4.525
793096595,4.58
1137008076,4.005
1065376321,4.425
1125301530,2.275
1113883640,2.21
1098165513,3.535
1137956525,3.715
1086758579,3.515
1180885427,3.815
1104814161,0.0
952877179,3.455
1089824278,4.015
1076483949,4.045
1187838770,4.34
1187682390,4.5
1095198288,4.355
987112935,2.63
1033803652,3.955
1183856228,3.505
1140798536,4.245
1179685798,4.48
1099092384,2.77
1142578005,2.06
1116568228,3.85
497693461,4.445
588013838,4.135
487285735,2.835
1153694100,3.46
1059536022,4.015
1059634715,2.25
328011357,4.58
1169530248,3.075
462397814,4.36
335364882,4.325
643857704,3.625
950669893,4.09
1170155524,3.77
749046891,4.45
1083708143,4.09
338137227,4.36
1154856196,4.945
695948278,4.015
958763157,4.475
1058528141,4.46
1048542880,3.04
806077016,4.44
1087489471,4.94
584927317,4.38
1106493268,4.73
791134629,4.29
1043640363,4.115
1099703034,4.155
573516833,4.485
1133173046,4.435
917229473,4.48
986420993,0.0
1087286731,4.485
1033014013,4.29
1070057529,3.9
482910640,4.26
1112551222,3.14
1056954483,2.84
568543007,2.685
1044871992,4.335
462780547,3.685
460494135,3.12
429009175,4.535
1067458275,3.64
1119370883,3.81
1144018570,4.125
1144116292,3.07
1135471095,4.195
1156406002,4.39
1158667565,4.075
1163113876,4.355
352199775,4.425
764925064,4.495
653031147,4.44
1133749572,4.365
1170260363,4.93
836767708,4.415
857555369,4.33
323229106,4.66
539124565,4.2
566685699,4.265
1164891129,3.49
976063866,4.26
654898029,4.44
517642765,4.425
760295036,4.355
725208930,4.03
942413257,3.6
545993260,3.705
893525571,5.0
1076985045,3.975
1041512978,4.16
749078962,4.45
749083919,4.5
413511993,3.635
486154808,4.43
281940292,4.47
294631159,4.435
373515261,4.3
1176901281,3.855
368948250,3.855
853926670,4.455
910908367,2.82
558818638,3.795
373185673,4.1
414478124,4.16
303337299,4.42
1132201707,4.315
1124845146,3.13
1030447361,4.73
1034019709,4.41
381059732,4.29
350962117,3.375
386098453,3.685
978236345,4.16
331308914,4.27
934390663,4.155
1133417566,4.02
1082891966,3.98
579446739,2.875
311548709,3.305
433622275,3.08
639219540,0.0
1020581825,0.0
672828590,4.505
1050367912,3.28
1062825806,3.855
1141643627,2.27
1035161188,3.245
1051910636,0.0
310633997,4.58
1070998254,4.37
1068596150,4.41
898040123,4.41
1080942226,0.0
1054355818,2.71
486221305,3.77
486270850,4.22
624653112,3.545
528805631,3.96
449735650,4.48
638853147,4.235
1159900476,4.3
1008546049,3.95
506141837,3.44
1069468543,3.99
950823223,4.095
289894882,4.425
455256615,3.64
1146128499,4.505
494906425,1.895
320029256,3.61
1046432580,2.765
543032054,4.455
1132440751,0.0
1130542083,3.36
505365608,3.4
1135518490,4.595
922199867,4.02
1047821816,3.58
585658160,3.54
844517266,4.19
1082150954,3.925
912874848,4.5
908511009,4.505
904481505,3.545
894918913,4.485
1074470421,4.475
1082836132,3.915
306375551,3.16
1122909751,4.385
841377297,4.455
1102448236,4.145
968016877,3.44
669835030,3.42
1141154420,4.435
1138586148,4.475
373903654,3.2
543119010,4.045
530621395,4.44
836071680,3.86
908384544,4.435
1109545844,3.54
1022023000,3.055
1165109912,4.54
959327054,3.845
1073286211,4.35
1079843974,4.14
1080497972,3.45
987733557,4.445
334989259,4.375
948618479,0.0
1022844131,0.0
1086391724,4.47
1000559499,4.385
1091366179,4.26
937258914,4.005
1078160821,4.67
550946484,4.485
1153883316,4.62
1077864246,3.695
543054341,4.185
645746786,4.435
994855806,4.335
1030792602,4.435
1118406919,4.465
708600202,3.98
1076615810,4.425
922488002,4.475
414002091,3.37
846073598,3.57
979759584,4.515
804379658,4.37
1078643602,4.445
1105834924,4.49
915249334,4.175
981093617,2.55
1010677881,4.575
979092836,4.46
965137032,3.455
823518885,2.87
310303959,4.075
623789705,3.965
914673497,4.4
401301276,4.625
879828836,4.47
859204347,3.19
1055570687,2.975
869329921,4.005
1101691540,4.36
321369231,4.115
355524910,4.39
596677177,3.82
981535263,4.07
1011788068,4.35
1125608061,2.78
613464159,3.315
980384565,4.44
1141895945,4.0
1074311276,4.29
631446426,4.46
461123279,4.43
879157782,4.045
1011396240,2.18
640199958,4.095
551798799,3.855
909349642,3.905
941421328,4.4
775402833,3.82
1174999653,4.06
581920331,4.29
736179781,4.35
881270303,3.81
969447496,4.4
731629156,3.995
1063149922,4.055
807416704,4.5
882931712,3.41
608847384,4.49
1051195210,0.0
328415391,3.015
577586159,4.205
286058814,4.515
628677149,4.405
967422975,4.445
1090292301,4.915
946099227,4.145
937236311,2.555
555916407,4.46
1038653883,4.47
284910350,4.395
987237335,3.13
910159225,4.33
567767430,4.62
653453499,3.88
1141280841,3.86
1085461253,4.265
785725887,4.085
517871755,4.405
1044550538,5.0
811397653,3.99
949281035,3.255
1136617049,4.685
863844475,4.44
768469908,4.48
394075284,4.255
895506023,3.33
471347413,3.785
544007664,4.16
936971630,4.7
1017492454,3.475
1006408029,3.895
1106558008,4.16
962713931,3.98
1033229197,4.645
816821851,4.205
1068378177,4.45
1047713752,3.99
839897809,4.365
934003228,4.01
398954883,4.165
1126269043,4.18
990692830,4.25
445850671,4.025
1120991202,4.35
392988420,4.7
547951480,4.395
1040523600,4.065
717545062,3.82
437025413,3.14
584485870,2.99
1086101495,4.875
1046598440,3.825
1089982285,4.435
1012274888,3.96
465694275,4.435
1161836152,3.83
520978510,4.275
1068416637,4.245
838848566,3.605
955170175,4.43
951364656,4.195
310738695,4.585
1146138135,4.93
933199580,3.045
1022301472,4.045
1070492711,4.44
845918296,4.455
1057844059,4.5
892092770,4.48
1121545201,4.335
529652920,4.465
1108340786,3.425
304871622,4.175
454781476,4.56
433596395,3.47
380932800,3.995
1050017714,4.49
1113205946,0.0
1052726188,4.22
